{"cameraMode":{"drawMode":0,"name":"Shaded","section":"Shading Mode"},"sceneLighting":false,"audioPlay":false,"sceneViewState":{"showFog":true,"showMaterialUpdate":false,"showSkybox":true,"showFlares":true,"showImageEffects":true,"showParticleSystems":true},"in2DMode":false,"pivot":{"x":0.2199999839067459,"y":0.42406946420669558,"z":0.2199999839067459},"rotation":{"x":-0.17944149672985078,"y":-0.27140453457832339,"z":0.05158032476902008,"w":-0.944182813167572},"size":3.3917269706726076,"orthographic":false}