{"cameraMode":{"drawMode":0,"name":"Shaded","section":"Shading Mode"},"sceneLighting":false,"audioPlay":false,"sceneViewState":{"showFog":true,"showMaterialUpdate":false,"showSkybox":true,"showFlares":true,"showImageEffects":true,"showParticleSystems":true},"in2DMode":false,"pivot":{"x":0.24000000953674317,"y":0.39406946301460268,"z":0.24000000953674317},"rotation":{"x":-0.26018795371055605,"y":-0.48825642466545107,"z":0.1552238166332245,"w":-0.8184224367141724},"size":3.3917269706726076,"orthographic":false}