{"cameraMode":{"drawMode":0,"name":"Shaded","section":"Shading Mode"},"sceneLighting":false,"audioPlay":false,"sceneViewState":{"showFog":true,"showMaterialUpdate":false,"showSkybox":true,"showFlares":true,"showImageEffects":true,"showParticleSystems":true},"in2DMode":false,"pivot":{"x":-2.5949673652648927,"y":0.6724615097045898,"z":-0.19590231776237489},"rotation":{"x":0.2752887010574341,"y":0.6868705153465271,"z":-0.5919504761695862,"w":0.3194301128387451},"size":4.930489540100098,"orthographic":false}