{"cameraMode":{"drawMode":0,"name":"Shaded","section":"Shading Mode"},"sceneLighting":false,"audioPlay":false,"sceneViewState":{"showFog":true,"showMaterialUpdate":false,"showSkybox":true,"showFlares":true,"showImageEffects":true,"showParticleSystems":true},"in2DMode":false,"pivot":{"x":0.35360026359558108,"y":0.6346995234489441,"z":0.35360026359558108},"rotation":{"x":0.39959755539894106,"y":0.5040923953056336,"z":-0.28316760063171389,"w":0.7113610506057739},"size":3.0906190872192385,"orthographic":false}