{"cameraMode":{"drawMode":0,"name":"Shaded","section":"Shading Mode"},"sceneLighting":false,"audioPlay":false,"sceneViewState":{"showFog":true,"showMaterialUpdate":false,"showSkybox":true,"showFlares":true,"showImageEffects":true,"showParticleSystems":true},"in2DMode":false,"pivot":{"x":0.35903990268707278,"y":0.507759153842926,"z":0.35903990268707278},"rotation":{"x":0.10644257068634033,"y":-0.05515993759036064,"z":0.005915814079344273,"w":0.99277263879776},"size":5.920401573181152,"orthographic":false}