{"cameraMode":{"drawMode":0,"name":"Shaded","section":"Shading Mode"},"sceneLighting":false,"audioPlay":false,"sceneViewState":{"showFog":true,"showMaterialUpdate":false,"showSkybox":true,"showFlares":true,"showImageEffects":true,"showParticleSystems":true},"in2DMode":false,"pivot":{"x":0.7360000610351563,"y":1.0408616065979005,"z":0.7360000610351563},"rotation":{"x":-0.39427638053894045,"y":0.01157358754426241,"z":-0.004969905596226454,"w":-0.9189192056655884},"size":19.81761932373047,"orthographic":false}