{"cameraMode":{"drawMode":0,"name":"Shaded","section":"Shading Mode"},"sceneLighting":true,"audioPlay":false,"sceneViewState":{"showFog":true,"showMaterialUpdate":false,"showSkybox":true,"showFlares":true,"showImageEffects":true,"showParticleSystems":true},"in2DMode":false,"pivot":{"x":871.4833374023438,"y":855.7412109375,"z":234.22122192382813},"rotation":{"x":-0.1283489465713501,"y":0.09564077109098435,"z":-0.012441557832062245,"w":-0.9870410561561585},"size":1617.1182861328125,"orthographic":false}