{"cameraMode":{"drawMode":0,"name":"Shaded","section":"Shading Mode"},"sceneLighting":false,"audioPlay":false,"sceneViewState":{"showFog":true,"showMaterialUpdate":false,"showSkybox":true,"showFlares":true,"showImageEffects":true,"showParticleSystems":true},"in2DMode":false,"pivot":{"x":0.028970539569854738,"y":0.016970574855804445,"z":-0.004970550537109375},"rotation":{"x":0.21543288230895997,"y":0.20761850476264954,"z":-0.04692567139863968,"w":0.9530431032180786},"size":6.868793487548828,"orthographic":false}