{"cameraMode":{"drawMode":0,"name":"Shaded","section":"Shading Mode"},"sceneLighting":false,"audioPlay":false,"sceneViewState":{"showFog":true,"showMaterialUpdate":false,"showSkybox":true,"showFlares":true,"showImageEffects":true,"showParticleSystems":true},"in2DMode":false,"pivot":{"x":0.23121559619903565,"y":0.5439677238464356,"z":0.3373919129371643},"rotation":{"x":0.476190984249115,"y":0.3457489311695099,"z":-0.21094034612178803,"w":0.7805192470550537},"size":3.0906190872192385,"orthographic":false}