{"cameraMode":{"drawMode":0,"name":"Shaded","section":"Shading Mode"},"sceneLighting":true,"audioPlay":false,"sceneViewState":{"showFog":true,"showMaterialUpdate":false,"showSkybox":true,"showFlares":true,"showImageEffects":true,"showParticleSystems":true},"in2DMode":false,"pivot":{"x":-0.18696491420269013,"y":0.6289587020874023,"z":-0.9129844903945923},"rotation":{"x":0.26847246289253237,"y":-0.005782511550933123,"z":0.0016177723882719875,"w":0.9632766246795654},"size":0.6304787397384644,"orthographic":false}