{"cameraMode":{"drawMode":0,"name":"Shaded","section":"Shading Mode"},"sceneLighting":false,"audioPlay":false,"sceneViewState":{"showFog":true,"showMaterialUpdate":false,"showSkybox":true,"showFlares":true,"showImageEffects":true,"showParticleSystems":true},"in2DMode":false,"pivot":{"x":-1.1172744035720826,"y":1.8244037628173829,"z":-1.0907793045043946},"rotation":{"x":0.1291576325893402,"y":0.8693852424621582,"z":0.30918842554092409,"w":-0.36317065358161929},"size":5.871477127075195,"orthographic":false}