{"cameraMode":{"drawMode":0,"name":"Shaded","section":"Shading Mode"},"sceneLighting":false,"audioPlay":false,"sceneViewState":{"showFog":true,"showMaterialUpdate":false,"showSkybox":true,"showFlares":true,"showImageEffects":true,"showParticleSystems":true},"in2DMode":false,"pivot":{"x":-0.04389847069978714,"y":1.011418104171753,"z":0.6461917161941528},"rotation":{"x":0.2137887179851532,"y":0.08632196485996247,"z":-0.018963264301419259,"w":0.9728794097900391},"size":2.556950330734253,"orthographic":false}