{"cameraMode":{"drawMode":0,"name":"Shaded","section":"Shading Mode"},"sceneLighting":false,"audioPlay":false,"sceneViewState":{"showFog":true,"showMaterialUpdate":false,"showSkybox":true,"showFlares":true,"showImageEffects":true,"showParticleSystems":true},"in2DMode":false,"pivot":{"x":-1.1970000267028809,"y":1.350000023841858,"z":-0.2939999997615814},"rotation":{"x":-0.42095106840133669,"y":-0.43954527378082278,"z":0.24517101049423219,"w":-0.7546620965003967},"size":1.2304787635803223,"orthographic":false}