{"cameraMode":{"drawMode":0,"name":"Shaded","section":"Shading Mode"},"sceneLighting":false,"audioPlay":false,"sceneViewState":{"showFog":true,"showMaterialUpdate":false,"showSkybox":true,"showFlares":true,"showImageEffects":true,"showParticleSystems":true},"in2DMode":false,"pivot":{"x":-0.12975671887397767,"y":1.9817143678665162,"z":0.0881592258810997},"rotation":{"x":0.6309164762496948,"y":0.28819239139556887,"z":-0.2727130353450775,"w":0.6667249798774719},"size":0.3279128670692444,"orthographic":false}