{"cameraMode":{"drawMode":0,"name":"Shaded","section":"Shading Mode"},"sceneLighting":false,"audioPlay":false,"sceneViewState":{"showFog":true,"showMaterialUpdate":false,"showSkybox":true,"showFlares":true,"showImageEffects":true,"showParticleSystems":true},"in2DMode":false,"pivot":{"x":-0.2830294966697693,"y":-0.7820507884025574,"z":-0.45687323808670046},"rotation":{"x":-0.5695234537124634,"y":-0.21920734643936158,"z":0.16093772649765016,"w":-0.7757098078727722},"size":3.0117502212524416,"orthographic":false}