{"cameraMode":{"drawMode":0,"name":"Shaded","section":"Shading Mode"},"sceneLighting":false,"audioPlay":false,"sceneViewState":{"showFog":true,"showMaterialUpdate":false,"showSkybox":true,"showFlares":true,"showImageEffects":true,"showParticleSystems":true},"in2DMode":false,"pivot":{"x":0.3230000138282776,"y":0.5649784207344055,"z":0.3230000138282776},"rotation":{"x":0.21589651703834535,"y":0.7540016174316406,"z":-0.2996811270713806,"w":0.5431994199752808},"size":4.956950664520264,"orthographic":false}