{"cameraMode":{"drawMode":0,"name":"Shaded","section":"Shading Mode"},"sceneLighting":false,"audioPlay":false,"sceneViewState":{"showFog":true,"showMaterialUpdate":false,"showSkybox":true,"showFlares":true,"showImageEffects":true,"showParticleSystems":true},"in2DMode":false,"pivot":{"x":0.35360026359558108,"y":0.6346995234489441,"z":0.35360026359558108},"rotation":{"x":0.10644257068634033,"y":-0.05515993759036064,"z":0.005915814079344273,"w":0.99277263879776},"size":5.190619468688965,"orthographic":false}