{"cameraMode":{"drawMode":0,"name":"Shaded","section":"Shading Mode"},"sceneLighting":true,"audioPlay":false,"sceneViewState":{"showFog":true,"showMaterialUpdate":false,"showSkybox":true,"showFlares":true,"showImageEffects":true,"showParticleSystems":true},"in2DMode":false,"pivot":{"x":1.7589528560638428,"y":-9.731492042541504,"z":10.017651557922364},"rotation":{"x":0.3993079960346222,"y":0.13805997371673585,"z":-0.060955651104450229,"w":0.90431809425354},"size":18.896636962890626,"orthographic":false}