{"cameraMode":{"drawMode":0,"name":"Shaded","section":"Shading Mode"},"sceneLighting":false,"audioPlay":false,"sceneViewState":{"showFog":true,"showMaterialUpdate":false,"showSkybox":true,"showFlares":true,"showImageEffects":true,"showParticleSystems":true},"in2DMode":false,"pivot":{"x":0.35903990268707278,"y":0.507759153842926,"z":0.35903990268707278},"rotation":{"x":0.6309164762496948,"y":0.28819239139556887,"z":-0.2727130353450775,"w":0.6667249798774719},"size":2.0702850818634035,"orthographic":false}