{"cameraMode":{"drawMode":0,"name":"Shaded","section":"Shading Mode"},"sceneLighting":false,"audioPlay":false,"sceneViewState":{"showFog":true,"showMaterialUpdate":false,"showSkybox":true,"showFlares":true,"showImageEffects":true,"showParticleSystems":true},"in2DMode":false,"pivot":{"x":1.416747808456421,"y":0.48083287477493288,"z":-0.7367473840713501},"rotation":{"x":0.29553937911987307,"y":0.344705194234848,"z":-0.11530197411775589,"w":0.8834909200668335},"size":6.08485746383667,"orthographic":false}