{"cameraMode":{"drawMode":0,"name":"Shaded","section":"Shading Mode"},"sceneLighting":true,"audioPlay":false,"sceneViewState":{"showFog":true,"showMaterialUpdate":false,"showSkybox":true,"showFlares":true,"showImageEffects":true,"showParticleSystems":true},"in2DMode":false,"pivot":{"x":35.013946533203128,"y":-41.09260177612305,"z":14.349637985229493},"rotation":{"x":0.33837950229644778,"y":0.5067594051361084,"z":-0.22557705640792848,"w":0.7601470351219177},"size":67.93665313720703,"orthographic":false}