{"cameraMode":{"drawMode":0,"name":"Shaded","section":"Shading Mode"},"sceneLighting":true,"audioPlay":false,"sceneViewState":{"showFog":true,"showMaterialUpdate":false,"showSkybox":true,"showFlares":true,"showImageEffects":true,"showParticleSystems":true},"in2DMode":false,"pivot":{"x":3.547342300415039,"y":-1.3462085723876954,"z":-0.2630612850189209},"rotation":{"x":-0.32353949546813967,"y":-0.5792645812034607,"z":0.2683355510234833,"w":-0.6984235644340515},"size":16.700822830200197,"orthographic":false}