{"cameraMode":{"drawMode":0,"name":"Shaded","section":"Shading Mode"},"sceneLighting":false,"audioPlay":false,"sceneViewState":{"showFog":true,"showMaterialUpdate":false,"showSkybox":true,"showFlares":true,"showImageEffects":true,"showParticleSystems":true},"in2DMode":false,"pivot":{"x":0.37125006318092348,"y":0.5250268578529358,"z":0.37125006318092348},"rotation":{"x":0.26847246289253237,"y":-0.005782511550933123,"z":0.0016177723882719875,"w":0.9632766246795654},"size":3.695746898651123,"orthographic":false}