{"cameraMode":{"drawMode":0,"name":"Shaded","section":"Shading Mode"},"sceneLighting":true,"audioPlay":false,"sceneViewState":{"showFog":true,"showMaterialUpdate":false,"showSkybox":true,"showFlares":true,"showImageEffects":true,"showParticleSystems":true},"in2DMode":false,"pivot":{"x":-8.123673439025879,"y":7.293887138366699,"z":-1.7549755573272706},"rotation":{"x":0.6309164762496948,"y":0.28819239139556887,"z":-0.2727130353450775,"w":0.6667249798774719},"size":15.25840950012207,"orthographic":false}