{"cameraMode":{"drawMode":0,"name":"Shaded","section":"Shading Mode"},"sceneLighting":false,"audioPlay":false,"sceneViewState":{"showFog":true,"showMaterialUpdate":false,"showSkybox":true,"showFlares":true,"showImageEffects":true,"showParticleSystems":true},"in2DMode":false,"pivot":{"x":0.3230000138282776,"y":0.5649784207344055,"z":0.3230000138282776},"rotation":{"x":0.21543288230895997,"y":0.20761850476264954,"z":-0.04692567139863968,"w":0.9530431032180786},"size":4.956950664520264,"orthographic":false}