{"cameraMode":{"drawMode":0,"name":"Shaded","section":"Shading Mode"},"sceneLighting":false,"audioPlay":false,"sceneViewState":{"showFog":true,"showMaterialUpdate":false,"showSkybox":true,"showFlares":true,"showImageEffects":true,"showParticleSystems":true},"in2DMode":false,"pivot":{"x":0.3230000138282776,"y":0.5649784207344055,"z":0.3230000138282776},"rotation":{"x":0.0422758013010025,"y":-0.03147125616669655,"z":0.0013322856975719333,"w":0.9986098408699036},"size":4.956950664520264,"orthographic":false}