{"cameraMode":{"drawMode":0,"name":"Shaded","section":"Shading Mode"},"sceneLighting":false,"audioPlay":false,"sceneViewState":{"showFog":true,"showMaterialUpdate":false,"showSkybox":true,"showFlares":true,"showImageEffects":true,"showParticleSystems":true},"in2DMode":false,"pivot":{"x":67.530029296875,"y":360.6619873046875,"z":0.0},"rotation":{"x":0.43052658438682558,"y":-0.05005335807800293,"z":0.023922469466924669,"w":0.9008761048316956},"size":163.88247680664063,"orthographic":false}