{"cameraMode":{"drawMode":0,"name":"Shaded","section":"Shading Mode"},"sceneLighting":false,"audioPlay":false,"sceneViewState":{"showFog":true,"showMaterialUpdate":false,"showSkybox":true,"showFlares":true,"showImageEffects":true,"showParticleSystems":true},"in2DMode":false,"pivot":{"x":0.2385229468345642,"y":0.35942238569259646,"z":0.2697770595550537},"rotation":{"x":-0.4053404629230499,"y":-0.3280138671398163,"z":0.15856529772281648,"w":-0.8384494185447693},"size":1.533735990524292,"orthographic":false}