{"cameraMode":{"drawMode":0,"name":"Shaded","section":"Shading Mode"},"sceneLighting":true,"audioPlay":false,"sceneViewState":{"showFog":true,"showMaterialUpdate":false,"showSkybox":true,"showFlares":true,"showImageEffects":true,"showParticleSystems":true},"in2DMode":false,"pivot":{"x":3.7095508575439455,"y":-1.3462034463882447,"z":-1.1252408027648926},"rotation":{"x":-0.32353949546813967,"y":-0.5792645812034607,"z":0.2683355510234833,"w":-0.6984235644340515},"size":13.266448974609375,"orthographic":false}