{"cameraMode":{"drawMode":0,"name":"Shaded","section":"Shading Mode"},"sceneLighting":false,"audioPlay":false,"sceneViewState":{"showFog":true,"showMaterialUpdate":false,"showSkybox":true,"showFlares":true,"showImageEffects":true,"showParticleSystems":true},"in2DMode":false,"pivot":{"x":0.3230000138282776,"y":0.5649784207344055,"z":0.3230000138282776},"rotation":{"x":0.10644257068634033,"y":-0.05515993759036064,"z":0.005915814079344273,"w":0.99277263879776},"size":4.956950664520264,"orthographic":false}