{"cameraMode":{"drawMode":0,"name":"Shaded","section":"Shading Mode"},"sceneLighting":false,"audioPlay":false,"sceneViewState":{"showFog":true,"showMaterialUpdate":false,"showSkybox":true,"showFlares":true,"showImageEffects":true,"showParticleSystems":true},"in2DMode":false,"pivot":{"x":0.24000000953674317,"y":0.39406946301460268,"z":0.24000000953674317},"rotation":{"x":0.21589651703834535,"y":0.7540016174316406,"z":-0.2996811270713806,"w":0.5431994199752808},"size":3.6917269229888918,"orthographic":false}