{"cameraMode":{"drawMode":0,"name":"Shaded","section":"Shading Mode"},"sceneLighting":true,"audioPlay":false,"sceneViewState":{"showFog":true,"showMaterialUpdate":false,"showSkybox":true,"showFlares":true,"showImageEffects":true,"showParticleSystems":true},"in2DMode":false,"pivot":{"x":3.7993698120117189,"y":-3.8814992904663088,"z":3.799370765686035},"rotation":{"x":0.5821043848991394,"y":-9.061600394488778e-7,"z":0.000006612712240894325,"w":0.8131214380264282},"size":505.7515869140625,"orthographic":false}