{"cameraMode":{"drawMode":0,"name":"Shaded","section":"Shading Mode"},"sceneLighting":true,"audioPlay":false,"sceneViewState":{"showFog":true,"showMaterialUpdate":false,"showSkybox":true,"showFlares":true,"showImageEffects":true,"showParticleSystems":true},"in2DMode":false,"pivot":{"x":0.1342782974243164,"y":-0.1781625747680664,"z":0.07117080688476563},"rotation":{"x":0.31433773040771487,"y":0.2990238070487976,"z":-0.10503740608692169,"w":0.8948469161987305},"size":24.108339309692384,"orthographic":false}