{"cameraMode":{"drawMode":0,"name":"Shaded","section":"Shading Mode"},"sceneLighting":false,"audioPlay":false,"sceneViewState":{"showFog":true,"showMaterialUpdate":false,"showSkybox":true,"showFlares":true,"showImageEffects":true,"showParticleSystems":true},"in2DMode":false,"pivot":{"x":0.3230000138282776,"y":0.4567910432815552,"z":0.3230000138282776},"rotation":{"x":0.30492106080055239,"y":0.288107693195343,"z":-0.09733085334300995,"w":0.9025290608406067},"size":4.7813215255737309,"orthographic":false}