{"cameraMode":{"drawMode":0,"name":"Shaded","section":"Shading Mode"},"sceneLighting":true,"audioPlay":false,"sceneViewState":{"showFog":true,"showMaterialUpdate":false,"showSkybox":true,"showFlares":true,"showImageEffects":true,"showParticleSystems":true},"in2DMode":false,"pivot":{"x":588.818603515625,"y":558.312255859375,"z":268.5242919921875},"rotation":{"x":0.04166164994239807,"y":0.30809053778648379,"z":-0.013504218310117722,"w":0.9503511786460877},"size":1636.829345703125,"orthographic":false}