{"cameraMode":{"drawMode":0,"name":"Shaded","section":"Shading Mode"},"sceneLighting":true,"audioPlay":false,"sceneViewState":{"showFog":true,"showMaterialUpdate":false,"showSkybox":true,"showFlares":true,"showImageEffects":true,"showParticleSystems":true},"in2DMode":false,"pivot":{"x":877.850830078125,"y":261.553466796875,"z":-11.2890625},"rotation":{"x":0.01980843022465706,"y":-0.001504290266893804,"z":0.00003181684223818593,"w":0.9998059868812561},"size":1136.31005859375,"orthographic":false}