{"cameraMode":{"drawMode":0,"name":"Shaded","section":"Shading Mode"},"sceneLighting":false,"audioPlay":false,"sceneViewState":{"showFog":true,"showMaterialUpdate":false,"showSkybox":true,"showFlares":true,"showImageEffects":true,"showParticleSystems":true},"in2DMode":false,"pivot":{"x":0.22100001573562623,"y":0.3125412166118622,"z":0.22100001573562623},"rotation":{"x":0.38791972398757937,"y":0.291753888130188,"z":-0.13091766834259034,"w":0.8644508719444275},"size":1.9674862623214722,"orthographic":false}