{"cameraMode":{"drawMode":0,"name":"Shaded","section":"Shading Mode"},"sceneLighting":true,"audioPlay":false,"sceneViewState":{"showFog":true,"showMaterialUpdate":false,"showSkybox":true,"showFlares":true,"showImageEffects":true,"showParticleSystems":true},"in2DMode":false,"pivot":{"x":227.15452575683595,"y":388.1328125,"z":-52.12225341796875},"rotation":{"x":-0.010184035636484623,"y":0.034486837685108188,"z":0.00035348351229913533,"w":0.9993564486503601},"size":236.9631805419922,"orthographic":false}