{"cameraMode":{"drawMode":0,"name":"Shaded","section":"Shading Mode"},"sceneLighting":false,"audioPlay":false,"sceneViewState":{"showFog":true,"showMaterialUpdate":false,"showSkybox":true,"showFlares":true,"showImageEffects":true,"showParticleSystems":true},"in2DMode":false,"pivot":{"x":0.35360026359558108,"y":0.6346995234489441,"z":0.35360026359558108},"rotation":{"x":0.40857285261154177,"y":0.29599738121032717,"z":-0.14199641346931458,"w":0.8516475558280945},"size":6.390620231628418,"orthographic":false}