{"cameraMode":{"drawMode":0,"name":"Shaded","section":"Shading Mode"},"sceneLighting":false,"audioPlay":false,"sceneViewState":{"showFog":true,"showMaterialUpdate":false,"showSkybox":true,"showFlares":true,"showImageEffects":true,"showParticleSystems":true},"in2DMode":false,"pivot":{"x":1.4104044437408448,"y":-1.5931528806686402,"z":1.0049669742584229},"rotation":{"x":0.35843953490257265,"y":0.4315604269504547,"z":-0.19210682809352876,"w":0.8052186965942383},"size":4.3132643699646,"orthographic":false}