{"cameraMode":{"drawMode":0,"name":"Shaded","section":"Shading Mode"},"sceneLighting":false,"audioPlay":false,"sceneViewState":{"showFog":true,"showMaterialUpdate":false,"showSkybox":true,"showFlares":true,"showImageEffects":true,"showParticleSystems":true},"in2DMode":false,"pivot":{"x":0.31199994683265688,"y":0.44123464822769167,"z":0.31199994683265688},"rotation":{"x":-0.4053404629230499,"y":-0.3280138671398163,"z":0.15856529772281648,"w":-0.8384494185447693},"size":4.972259044647217,"orthographic":false}