{"cameraMode":{"drawMode":0,"name":"Shaded","section":"Shading Mode"},"sceneLighting":false,"audioPlay":false,"sceneViewState":{"showFog":true,"showMaterialUpdate":false,"showSkybox":true,"showFlares":true,"showImageEffects":true,"showParticleSystems":true},"in2DMode":false,"pivot":{"x":0.3230000138282776,"y":0.5649784207344055,"z":0.3230000138282776},"rotation":{"x":0.2982315123081207,"y":0.6544207334518433,"z":-0.31515759229660036,"w":0.6192587614059448},"size":1.9569504261016846,"orthographic":false}