{"cameraMode":{"drawMode":0,"name":"Shaded","section":"Shading Mode"},"sceneLighting":false,"audioPlay":false,"sceneViewState":{"showFog":true,"showMaterialUpdate":false,"showSkybox":true,"showFlares":true,"showImageEffects":true,"showParticleSystems":true},"in2DMode":false,"pivot":{"x":0.4966907501220703,"y":0.9761583805084229,"z":0.3741011619567871},"rotation":{"x":0.22623802721500398,"y":0.42998743057250979,"z":-0.11222907900810242,"w":0.8667952418327332},"size":1.9569504261016846,"orthographic":false}