{"cameraMode":{"drawMode":0,"name":"Shaded","section":"Shading Mode"},"sceneLighting":false,"audioPlay":false,"sceneViewState":{"showFog":true,"showMaterialUpdate":false,"showSkybox":true,"showFlares":true,"showImageEffects":true,"showParticleSystems":true},"in2DMode":false,"pivot":{"x":-1.2188889980316163,"y":-0.16370022296905518,"z":-1.1028469800949097},"rotation":{"x":0.4792290925979614,"y":0.3935202956199646,"z":-0.25407513976097109,"w":0.7422455549240112},"size":3.0917270183563234,"orthographic":false}