{"cameraMode":{"drawMode":0,"name":"Shaded","section":"Shading Mode"},"sceneLighting":false,"audioPlay":false,"sceneViewState":{"showFog":true,"showMaterialUpdate":false,"showSkybox":true,"showFlares":true,"showImageEffects":true,"showParticleSystems":true},"in2DMode":false,"pivot":{"x":0.47560209035873415,"y":-0.7452206611633301,"z":0.41448402404785159},"rotation":{"x":0.4264785945415497,"y":0.3243429958820343,"z":-0.16713285446166993,"w":0.8276382684707642},"size":4.956950664520264,"orthographic":false}