{"cameraMode":{"drawMode":0,"name":"Shaded","section":"Shading Mode"},"sceneLighting":false,"audioPlay":false,"sceneViewState":{"showFog":true,"showMaterialUpdate":false,"showSkybox":true,"showFlares":true,"showImageEffects":true,"showParticleSystems":true},"in2DMode":false,"pivot":{"x":0.12250000238418579,"y":0.17324119806289674,"z":0.12250000238418579},"rotation":{"x":-0.4356362819671631,"y":-0.5604087114334106,"z":0.4516194462776184,"w":-0.54058438539505},"size":1.5431694984436036,"orthographic":false}