{"cameraMode":{"drawMode":0,"name":"Shaded","section":"Shading Mode"},"sceneLighting":true,"audioPlay":false,"sceneViewState":{"showFog":true,"showMaterialUpdate":false,"showSkybox":true,"showFlares":true,"showImageEffects":true,"showParticleSystems":true},"in2DMode":false,"pivot":{"x":-0.24365472793579102,"y":-0.2615041732788086,"z":1.0825233459472657},"rotation":{"x":-0.35802021622657778,"y":-0.6035792231559753,"z":0.34743544459342959,"w":-0.6219522356987},"size":12.305554389953614,"orthographic":false}