{"cameraMode":{"drawMode":0,"name":"Shaded","section":"Shading Mode"},"sceneLighting":false,"audioPlay":false,"sceneViewState":{"showFog":true,"showMaterialUpdate":false,"showSkybox":true,"showFlares":true,"showImageEffects":true,"showParticleSystems":true},"in2DMode":false,"pivot":{"x":0.42499998211860659,"y":0.6862096190452576,"z":0.42499998211860659},"rotation":{"x":0.2982315123081207,"y":0.6544207334518433,"z":-0.31515759229660036,"w":0.6192587614059448},"size":2.7411201000213625,"orthographic":false}