{"cameraMode":{"drawMode":0,"name":"Shaded","section":"Shading Mode"},"sceneLighting":false,"audioPlay":false,"sceneViewState":{"showFog":true,"showMaterialUpdate":false,"showSkybox":true,"showFlares":true,"showImageEffects":true,"showParticleSystems":true},"in2DMode":false,"pivot":{"x":-2.5070908069610597,"y":-0.10709929466247559,"z":-0.4019416868686676},"rotation":{"x":0.3993079960346222,"y":0.13805997371673585,"z":-0.060955651104450229,"w":0.90431809425354},"size":5.105781078338623,"orthographic":false}