{"cameraMode":{"drawMode":0,"name":"Shaded","section":"Shading Mode"},"sceneLighting":false,"audioPlay":false,"sceneViewState":{"showFog":true,"showMaterialUpdate":false,"showSkybox":true,"showFlares":true,"showImageEffects":true,"showParticleSystems":true},"in2DMode":false,"pivot":{"x":-3.9578990936279299,"y":-0.20630469918251038,"z":0.17433440685272218},"rotation":{"x":-0.0031453093979507686,"y":0.7569236159324646,"z":-0.0036388791631907226,"w":-0.6534973382949829},"size":8.599987983703614,"orthographic":false}