{"cameraMode":{"drawMode":0,"name":"Shaded","section":"Shading Mode"},"sceneLighting":false,"audioPlay":false,"sceneViewState":{"showFog":true,"showMaterialUpdate":false,"showSkybox":true,"showFlares":true,"showImageEffects":true,"showParticleSystems":true},"in2DMode":false,"pivot":{"x":0.16940413415431977,"y":0.23787012696266175,"z":0.28102922439575198},"rotation":{"x":0.2011760026216507,"y":0.04846163094043732,"z":-0.009963751770555973,"w":0.9783073663711548},"size":4.266371726989746,"orthographic":false}