{"cameraMode":{"drawMode":0,"name":"Shaded","section":"Shading Mode"},"sceneLighting":false,"audioPlay":false,"sceneViewState":{"showFog":true,"showMaterialUpdate":false,"showSkybox":true,"showFlares":true,"showImageEffects":true,"showParticleSystems":true},"in2DMode":false,"pivot":{"x":0.01060265302658081,"y":-0.09747982025146485,"z":0.29413706064224245},"rotation":{"x":0.38791972398757937,"y":0.291753888130188,"z":-0.13091766834259034,"w":0.8644508719444275},"size":2.727912664413452,"orthographic":false}