{"cameraMode":{"drawMode":0,"name":"Shaded","section":"Shading Mode"},"sceneLighting":false,"audioPlay":false,"sceneViewState":{"showFog":true,"showMaterialUpdate":false,"showSkybox":true,"showFlares":true,"showImageEffects":true,"showParticleSystems":true},"in2DMode":false,"pivot":{"x":0.16829141974449159,"y":-3.546476445848157e-9,"z":-0.16829143464565278},"rotation":{"x":0.3993079960346222,"y":0.13805997371673585,"z":-0.060955651104450229,"w":0.90431809425354},"size":5.941162109375,"orthographic":false}