{"cameraMode":{"drawMode":0,"name":"Shaded","section":"Shading Mode"},"sceneLighting":false,"audioPlay":false,"sceneViewState":{"showFog":true,"showMaterialUpdate":false,"showSkybox":true,"showFlares":true,"showImageEffects":true,"showParticleSystems":true},"in2DMode":false,"pivot":{"x":0.4502677321434021,"y":0.5925344228744507,"z":-0.1848221868276596},"rotation":{"x":-0.2246113270521164,"y":-0.5970156192779541,"z":0.17899762094020844,"w":-0.7490769028663635},"size":3.6906189918518068,"orthographic":false}