{"cameraMode":{"drawMode":0,"name":"Shaded","section":"Shading Mode"},"sceneLighting":true,"audioPlay":false,"sceneViewState":{"showFog":true,"showMaterialUpdate":false,"showSkybox":true,"showFlares":true,"showImageEffects":true,"showParticleSystems":true},"in2DMode":false,"pivot":{"x":10.957321166992188,"y":-3.5405807495117189,"z":4.625462532043457},"rotation":{"x":-0.28377774357795718,"y":-0.33385276794433596,"z":0.10613270103931427,"w":-0.8926219940185547},"size":27.763513565063478,"orthographic":false}