{"cameraMode":{"drawMode":0,"name":"Shaded","section":"Shading Mode"},"sceneLighting":false,"audioPlay":false,"sceneViewState":{"showFog":true,"showMaterialUpdate":false,"showSkybox":true,"showFlares":true,"showImageEffects":true,"showParticleSystems":true},"in2DMode":false,"pivot":{"x":-0.29616570472717287,"y":0.38752150535583498,"z":-0.7486521005630493},"rotation":{"x":0.07044804841279984,"y":0.9166980981826782,"z":0.18648289144039155,"w":-0.34630322456359866},"size":3.6917271614074709,"orthographic":false}