{"cameraMode":{"drawMode":0,"name":"Shaded","section":"Shading Mode"},"sceneLighting":false,"audioPlay":false,"sceneViewState":{"showFog":true,"showMaterialUpdate":false,"showSkybox":true,"showFlares":true,"showImageEffects":true,"showParticleSystems":true},"in2DMode":false,"pivot":{"x":2.1929996013641359,"y":0.5649784207344055,"z":0.5530011057853699},"rotation":{"x":-0.07334164530038834,"y":-0.8523597121238709,"z":0.5026341676712036,"w":-0.12437310814857483},"size":1.356950044631958,"orthographic":false}