{"cameraMode":{"drawMode":0,"name":"Shaded","section":"Shading Mode"},"sceneLighting":false,"audioPlay":false,"sceneViewState":{"showFog":true,"showMaterialUpdate":false,"showSkybox":true,"showFlares":true,"showImageEffects":true,"showParticleSystems":true},"in2DMode":false,"pivot":{"x":0.35360026359558108,"y":0.6346995234489441,"z":0.35360026359558108},"rotation":{"x":-0.21770086884498597,"y":-0.18979738652706147,"z":0.043202195316553119,"w":-0.9564084410667419},"size":3.9314632415771486,"orthographic":false}