{"cameraMode":{"drawMode":0,"name":"Shaded","section":"Shading Mode"},"sceneLighting":false,"audioPlay":false,"sceneViewState":{"showFog":true,"showMaterialUpdate":false,"showSkybox":true,"showFlares":true,"showImageEffects":true,"showParticleSystems":true},"in2DMode":false,"pivot":{"x":-2.557000160217285,"y":0.45679107308387759,"z":-0.13699966669082642},"rotation":{"x":-0.0033074317034333946,"y":-0.032397836446762088,"z":0.00010625243885442615,"w":-0.9994751811027527},"size":4.875892639160156,"orthographic":false}