{"cameraMode":{"drawMode":0,"name":"Shaded","section":"Shading Mode"},"sceneLighting":false,"audioPlay":false,"sceneViewState":{"showFog":true,"showMaterialUpdate":false,"showSkybox":true,"showFlares":true,"showImageEffects":true,"showParticleSystems":true},"in2DMode":false,"pivot":{"x":-2.328364372253418,"y":0.39098381996154787,"z":-0.5467422008514404},"rotation":{"x":-0.4458824694156647,"y":-0.3850134611129761,"z":0.2208588719367981,"w":-0.7772912383079529},"size":5.271652698516846,"orthographic":false}