{"cameraMode":{"drawMode":0,"name":"Shaded","section":"Shading Mode"},"sceneLighting":false,"audioPlay":false,"sceneViewState":{"showFog":true,"showMaterialUpdate":false,"showSkybox":true,"showFlares":true,"showImageEffects":true,"showParticleSystems":true},"in2DMode":false,"pivot":{"x":0.2099999189376831,"y":0.29698482155799868,"z":0.2099999189376831},"rotation":{"x":-0.0033074317034333946,"y":-0.032397836446762088,"z":0.00010625243885442615,"w":-0.9994751811027527},"size":9.452132225036621,"orthographic":true}