{"cameraMode":{"drawMode":0,"name":"Shaded","section":"Shading Mode"},"sceneLighting":false,"audioPlay":false,"sceneViewState":{"showFog":true,"showMaterialUpdate":false,"showSkybox":true,"showFlares":true,"showImageEffects":true,"showParticleSystems":true},"in2DMode":false,"pivot":{"x":-2.4769999980926515,"y":0.4567910134792328,"z":-0.9869999289512634},"rotation":{"x":-0.24085581302642823,"y":-0.7334731817245483,"z":0.3225557208061218,"w":-0.5476933121681213},"size":4.875892162322998,"orthographic":false}