{"cameraMode":{"drawMode":0,"name":"Shaded","section":"Shading Mode"},"sceneLighting":false,"audioPlay":false,"sceneViewState":{"showFog":true,"showMaterialUpdate":false,"showSkybox":true,"showFlares":true,"showImageEffects":true,"showParticleSystems":true},"in2DMode":false,"pivot":{"x":0.46000000834465029,"y":0.0,"z":0.23999999463558198},"rotation":{"x":-0.24085581302642823,"y":-0.7334731817245483,"z":0.3225557208061218,"w":-0.5476933121681213},"size":3.568274974822998,"orthographic":false}