{"cameraMode":{"drawMode":0,"name":"Shaded","section":"Shading Mode"},"sceneLighting":false,"audioPlay":false,"sceneViewState":{"showFog":true,"showMaterialUpdate":false,"showSkybox":true,"showFlares":true,"showImageEffects":true,"showParticleSystems":true},"in2DMode":false,"pivot":{"x":0.5943629741668701,"y":0.5601320266723633,"z":-0.08138751983642578},"rotation":{"x":-0.23286879062652589,"y":-0.4375055134296417,"z":0.11840745806694031,"w":-0.8604313135147095},"size":4.027398586273193,"orthographic":false}