{"cameraMode":{"drawMode":0,"name":"Shaded","section":"Shading Mode"},"sceneLighting":false,"audioPlay":false,"sceneViewState":{"showFog":true,"showMaterialUpdate":false,"showSkybox":true,"showFlares":true,"showImageEffects":true,"showParticleSystems":true},"in2DMode":false,"pivot":{"x":-2.159572124481201,"y":0.06848645210266113,"z":0.1827096939086914},"rotation":{"x":-0.07334164530038834,"y":-0.8523597121238709,"z":0.5026341676712036,"w":-0.12437310814857483},"size":2.627260446548462,"orthographic":false}