{"cameraMode":{"drawMode":0,"name":"Shaded","section":"Shading Mode"},"sceneLighting":false,"audioPlay":false,"sceneViewState":{"showFog":true,"showMaterialUpdate":false,"showSkybox":true,"showFlares":true,"showImageEffects":true,"showParticleSystems":true},"in2DMode":false,"pivot":{"x":-2.4770002365112306,"y":0.4567910432815552,"z":0.7230011820793152},"rotation":{"x":-0.24085581302642823,"y":-0.7334731817245483,"z":0.3225557208061218,"w":-0.5476933121681213},"size":4.7813215255737309,"orthographic":false}