{"cameraMode":{"drawMode":0,"name":"Shaded","section":"Shading Mode"},"sceneLighting":false,"audioPlay":false,"sceneViewState":{"showFog":true,"showMaterialUpdate":false,"showSkybox":true,"showFlares":true,"showImageEffects":true,"showParticleSystems":true},"in2DMode":false,"pivot":{"x":2.1489548683166506,"y":0.4826478362083435,"z":0.7203793525695801},"rotation":{"x":-0.24085581302642823,"y":-0.7334731817245483,"z":0.3225557208061218,"w":-0.5476933121681213},"size":2.856949806213379,"orthographic":false}